date,stock_id,Trading_Volume,Trading_money,open,max,min,close,spread,Trading_turnover
2012-08-23,0060,2000,56230,28.1,28.13,28.1,28.13,0.0,2
2012-08-24,0060,0,0,0.0,0.0,0.0,0.0,0.0,0
2012-08-27,0060,1000,28150,28.15,28.15,28.15,28.15,0.0,1
2012-08-28,0060,6000,166430,28.15,28.15,27.5,27.58,-0.57,6
2012-08-29,0060,0,0,0.0,0.0,0.0,0.0,0.0,0
2012-08-30,0060,0,0,0.0,0.0,0.0,0.0,0.0,0
2012-08-31,0060,0,0,0.0,0.0,0.0,0.0,0.0,0
2012-09-03,0060,4000,107310,26.95,26.95,26.77,26.79,0.0,4
2012-09-04,0060,6000,161820,26.9,27.3,26.83,27.1,0.31,6
2012-09-05,0060,0,0,0.0,0.0,0.0,0.0,0.0,0
2012-09-06,0060,0,0,0.0,0.0,0.0,0.0,0.0,0
2012-09-07,0060,6000,163400,27.0,27.4,27.0,27.4,0.0,6
2012-09-10,0060,0,0,0.0,0.0,0.0,0.0,0.0,0
2012-09-11,0060,2000,54200,27.4,27.4,26.8,26.8,0.0,2
2012-09-12,0060,6000,165700,27.9,27.9,27.56,27.56,0.76,3
2012-09-13,0060,1000,27990,27.99,27.99,27.99,27.99,0.43,1
2012-09-14,0060,7000,193300,27.51,28.05,27.51,28.05,0.06,3
2012-09-17,0060,4000,112150,27.98,28.21,27.98,28.21,0.16,3
2012-09-18,0060,7000,196760,27.85,28.5,27.85,28.1,-0.11,6
2012-09-19,0060,21000,587980,27.86,28.27,27.62,27.74,-0.36,20
2012-09-20,0060,9000,251530,27.76,28.28,27.76,28.28,0.54,7
2012-09-21,0060,6000,169020,28.17,28.17,28.17,28.17,-0.11,1
2012-09-24,0060,1000,28210,28.21,28.21,28.21,28.21,0.04,1
2012-09-25,0060,2000,56780,28.39,28.39,28.39,28.39,0.18,2
2012-09-26,0060,0,0,0.0,0.0,0.0,0.0,0.0,0
2012-09-27,0060,5000,141920,28.3,28.5,28.3,28.5,0.0,5
2012-09-28,0060,10000,275570,27.71,28.2,27.24,28.2,-0.3,8
2012-10-01,0060,0,0,0.0,0.0,0.0,0.0,0.0,0
2012-10-02,0060,0,0,0.0,0.0,0.0,0.0,0.0,0
2012-10-03,0060,2301,64647,28.19,28.19,28.15,28.15,0.0,3
2012-10-04,0060,78000,2156980,27.65,27.98,27.6,27.98,-0.17,4
2012-10-05,0060,3000,83980,27.98,28.0,27.98,28.0,0.02,2
2012-10-08,0060,0,0,0.0,0.0,0.0,0.0,0.0,0
2012-10-09,0060,6000,168230,27.97,28.3,27.97,28.3,0.0,6
2012-10-11,0060,2000,55000,27.5,27.5,27.5,27.5,-0.8,2
2012-10-12,0060,1000,27700,27.7,27.7,27.7,27.7,0.2,1
2012-10-15,0060,2000,54400,27.2,27.2,27.2,27.2,-0.5,2
2012-10-16,0060,1000,27980,27.98,27.98,27.98,27.98,0.78,1
2012-10-17,0060,6000,168190,27.9,28.32,27.5,27.5,-0.48,6
2012-10-18,0060,0,0,0.0,0.0,0.0,0.0,0.0,0
2012-10-19,0060,1000,27300,27.3,27.3,27.3,27.3,0.0,1
2012-10-22,0060,3000,80470,26.89,26.89,26.7,26.7,-0.6,3
2012-10-23,0060,3000,82080,27.24,27.6,27.24,27.6,0.9,3
2012-10-24,0060,0,0,0.0,0.0,0.0,0.0,0.0,0
2012-10-25,0060,1000,27000,27.0,27.0,27.0,27.0,0.0,1
2012-10-26,0060,1000,27440,27.44,27.44,27.44,27.44,0.44,1
2012-10-29,0060,8000,220070,27.44,27.7,27.44,27.44,0.0,8
2012-10-30,0060,5000,133710,27.3,27.69,26.21,26.21,-1.23,5
2012-10-31,0060,0,0,0.0,0.0,0.0,0.0,0.0,0
2012-11-01,0060,0,0,0.0,0.0,0.0,0.0,0.0,0
2012-11-02,0060,1000,25930,25.93,25.93,25.93,25.93,0.0,1
2012-11-05,0060,4000,103630,26.0,26.0,25.7,25.93,0.0,4
2012-11-06,0060,70000,1810540,25.6,27.66,25.6,27.66,1.73,20
2012-11-07,0060,9001,243737,26.44,27.9,26.44,27.47,-0.19,9
2012-11-08,0060,0,0,0.0,0.0,0.0,0.0,0.0,0
2012-11-09,0060,1000,27750,27.75,27.75,27.75,27.75,0.0,1
2012-11-12,0060,15000,399700,27.76,27.76,25.82,26.78,-0.97,13
2012-11-13,0060,5000,133970,26.7,27.1,26.37,26.7,-0.08,5
2012-11-14,0060,2000,53310,26.66,26.66,26.65,26.65,-0.05,2
2012-11-15,0060,1000,26630,26.63,26.63,26.63,26.63,-0.02,1
2012-11-16,0060,6000,160030,26.63,26.84,26.61,26.84,0.21,5
2012-11-19,0060,6000,158700,26.7,26.7,26.0,26.0,-0.84,4
2012-11-20,0060,0,0,0.0,0.0,0.0,0.0,0.0,0
2012-11-21,0060,11000,279470,25.99,25.99,25.18,25.31,0.0,10
2012-11-22,0060,7000,175140,24.5,25.77,24.5,25.77,0.0,6
2012-11-23,0060,3000,78670,25.77,26.9,25.77,26.9,1.13,3
2012-11-26,0060,0,0,0.0,0.0,0.0,0.0,0.0,0
2012-11-27,0060,10000,266750,27.8,27.8,26.2,26.96,0.0,10
2012-11-28,0060,5350,141994,26.3,26.96,26.17,26.96,0.0,6
2012-11-29,0060,6000,157800,26.25,26.35,26.25,26.25,-0.71,5
2012-11-30,0060,5250,140670,26.78,26.89,26.75,26.75,0.5,6
2012-12-03,0060,1000,26420,26.42,26.42,26.42,26.42,-0.33,1
2012-12-04,0060,4000,104900,26.3,26.3,26.2,26.2,-0.22,4
2012-12-05,0060,35000,925900,26.4,26.53,26.4,26.53,0.33,4
2012-12-06,0060,9000,238800,26.5,26.6,26.5,26.6,0.07,9
2012-12-07,0060,18100,482606,26.97,26.98,26.6,26.6,0.0,17
2012-12-10,0060,1000,26600,26.6,26.6,26.6,26.6,0.0,1
2012-12-11,0060,1000,26600,26.6,26.6,26.6,26.6,0.0,1
2012-12-12,0060,0,0,0.0,0.0,0.0,0.0,0.0,0
2012-12-13,0060,1000,26830,26.83,26.83,26.83,26.83,0.0,1
2012-12-14,0060,4000,107920,27.0,27.1,26.9,27.1,0.27,4
2012-12-17,0060,2100,56138,26.72,26.72,26.72,26.72,-0.38,2
2012-12-18,0060,7000,191760,27.2,27.5,27.2,27.36,0.64,7
2012-12-19,0060,1000,27100,27.1,27.1,27.1,27.1,-0.26,1
2012-12-20,0060,0,0,0.0,0.0,0.0,0.0,0.0,0
2012-12-21,0060,0,0,0.0,0.0,0.0,0.0,0.0,0
2012-12-22,0060,4000,105590,26.48,26.5,26.13,26.5,0.0,4
2012-12-24,0060,2000,53680,26.81,26.87,26.81,26.87,0.37,2
2012-12-25,0060,22000,594070,26.87,27.2,26.87,27.0,0.13,3
2012-12-26,0060,0,0,0.0,0.0,0.0,0.0,0.0,0
2012-12-27,0060,15130,412315,27.43,27.49,26.91,26.91,0.0,10
2012-12-28,0060,0,0,0.0,0.0,0.0,0.0,0.0,0
2013-01-02,0060,7000,189440,27.03,27.19,27.03,27.19,0.0,5
2013-01-03,0060,22050,607740,27.26,27.73,27.26,27.72,0.53,14
2013-01-04,0060,0,0,0.0,0.0,0.0,0.0,0.0,0
2013-01-07,0060,0,0,0.0,0.0,0.0,0.0,0.0,0
2013-01-08,0060,6000,166310,27.8,27.8,27.7,27.7,0.0,6
2013-01-09,0060,0,0,0.0,0.0,0.0,0.0,0.0,0
2013-01-10,0060,24000,671800,27.98,28.0,27.98,28.0,0.0,7
2013-01-11,0060,1000,28390,28.39,28.39,28.39,28.39,0.39,1
2013-01-14,0060,1000,28140,28.14,28.14,28.14,28.14,-0.25,1
2013-01-15,0060,2000,56310,28.01,28.3,28.01,28.3,0.16,2
2013-01-16,0060,4000,111190,28.3,28.3,27.63,27.63,-0.67,4
2013-01-17,0060,9000,252090,28.28,28.5,27.5,27.5,-0.13,9
2013-01-18,0060,30000,826000,27.5,27.55,27.5,27.55,0.05,5
2013-01-21,0060,5002,137578,27.45,27.84,27.18,27.84,0.29,6
2013-01-22,0060,11000,301490,27.41,27.6,27.31,27.4,-0.44,11
2013-01-23,0060,2000,55780,27.89,27.89,27.89,27.89,0.49,2
2013-01-24,0060,0,0,0.0,0.0,0.0,0.0,0.0,0
2013-01-25,0060,1000,27850,27.85,27.85,27.85,27.85,0.0,1
2013-01-28,0060,0,0,0.0,0.0,0.0,0.0,0.0,0
2013-01-29,0060,212000,5864650,28.0,28.19,27.57,27.99,0.0,30
2013-01-30,0060,5000,139250,27.85,27.85,27.85,27.85,-0.14,2
2013-01-31,0060,2000,55840,27.9,27.94,27.9,27.94,0.09,2
2013-02-01,0060,10000,281360,28.2,28.2,28.12,28.12,0.18,7
2013-02-04,0060,14000,398900,28.19,28.65,28.19,28.65,0.53,10
2013-02-05,0060,1000,28600,28.6,28.6,28.6,28.6,-0.05,1
2013-02-06,0060,7000,201120,28.82,28.82,28.71,28.71,0.11,3
2013-02-18,0060,7000,202610,29.1,29.1,28.23,28.23,-0.48,6
2013-02-19,0060,27000,769280,28.39,28.97,28.39,28.97,0.74,6
2013-02-20,0060,2000,58160,29.08,29.08,29.08,29.08,0.11,2
2013-02-21,0060,2000,57080,28.52,28.56,28.52,28.56,-0.52,2
2013-02-22,0060,9000,256360,28.52,28.6,28.31,28.31,-0.25,7
2013-02-23,0060,12000,346370,28.9,28.9,28.82,28.87,0.56,5
2013-02-25,0060,0,0,0.0,0.0,0.0,0.0,0.0,0
2013-02-26,0060,1000,28800,28.8,28.8,28.8,28.8,0.0,1
2013-02-27,0060,9000,256950,28.8,28.8,28.41,28.41,-0.39,8
2013-03-01,0060,0,0,0.0,0.0,0.0,0.0,0.0,0
2013-03-04,0060,5000,142600,28.53,28.53,28.51,28.51,0.0,4
2013-03-05,0060,1000,28640,28.64,28.64,28.64,28.64,0.13,1
2013-03-06,0060,2000,57200,28.61,28.61,28.59,28.59,-0.05,2
2013-03-07,0060,6000,173240,28.88,28.94,28.75,28.94,0.35,6
2013-03-08,0060,18000,520290,28.94,29.05,28.67,29.05,0.11,15
2013-03-11,0060,6000,174480,29.07,29.11,29.06,29.11,0.06,6
2013-03-12,0060,6000,175020,29.15,29.25,29.12,29.12,0.01,5
2013-03-13,0060,5000,144150,28.83,28.83,28.83,28.83,-0.29,5
2013-03-14,0060,0,0,0.0,0.0,0.0,0.0,0.0,0
2013-03-15,0060,0,0,0.0,0.0,0.0,0.0,0.0,0
2013-03-18,0060,7010,199288,28.67,28.67,28.32,28.32,0.0,6
2013-03-19,0060,4000,113610,28.38,28.45,28.38,28.4,0.08,4
2013-03-20,0060,0,0,0.0,0.0,0.0,0.0,0.0,0
2013-03-21,0060,0,0,0.0,0.0,0.0,0.0,0.0,0
2013-03-22,0060,10010,279300,27.76,28.0,27.76,28.0,0.0,11
2013-03-25,0060,3000,84580,28.06,28.43,28.06,28.43,0.43,3
2013-03-26,0060,2010,56920,28.3,28.34,28.3,28.34,-0.09,3
2013-03-27,0060,7000,198270,28.32,28.39,28.3,28.39,0.05,7
2013-03-28,0060,0,0,0.0,0.0,0.0,0.0,0.0,0
2013-03-29,0060,11010,309520,28.0,28.3,27.85,28.3,0.0,11
2013-04-01,0060,3000,84780,28.22,28.3,28.22,28.26,-0.04,3
2013-04-02,0060,0,0,0.0,0.0,0.0,0.0,0.0,0
2013-04-03,0060,0,0,0.0,0.0,0.0,0.0,0.0,0
2013-04-08,0060,1010,27876,27.6,27.6,27.6,27.6,0.0,2
2013-04-09,0060,5000,139450,27.85,27.9,27.85,27.9,0.3,5
2013-04-10,0060,0,0,0.0,0.0,0.0,0.0,0.0,0
2013-04-11,0060,4000,114760,28.77,28.77,28.45,28.45,0.0,3
2013-04-12,0060,4000,111750,27.95,27.95,27.9,27.9,-0.55,4
2013-04-15,0060,1000,28200,28.2,28.2,28.2,28.2,0.3,1
2013-04-16,0060,1000,27940,27.94,27.94,27.94,27.94,-0.26,1
2013-04-17,0060,4000,111760,27.94,27.94,27.94,27.94,0.0,2
2013-04-18,0060,970,25220,0.0,0.0,0.0,0.0,0.0,2
2013-04-19,0060,0,0,0.0,0.0,0.0,0.0,0.0,0
2013-04-22,0060,2000,56140,28.1,28.1,28.04,28.04,0.0,2
2013-04-23,0060,3000,84750,28.2,28.28,28.2,28.28,0.24,3
2013-04-24,0060,0,0,0.0,0.0,0.0,0.0,0.0,0
2013-04-25,0060,1000,28750,28.75,28.75,28.75,28.75,0.0,1
2013-04-26,0060,230,6808,0.0,0.0,0.0,0.0,0.0,1
2013-04-29,0060,6000,171650,28.4,28.65,28.4,28.65,0.0,5
2013-04-30,0060,2000,57040,28.52,28.52,28.52,28.52,-0.13,1
2013-05-02,0060,0,0,0.0,0.0,0.0,0.0,0.0,0
2013-05-03,0060,3000,86670,28.71,28.98,28.71,28.98,0.0,2
2013-05-06,0060,3000,85980,28.66,28.66,28.66,28.66,-0.32,2
2013-05-07,0060,5008,144706,28.86,28.98,28.86,28.98,0.32,6
2013-05-08,0060,8000,232220,29.0,29.1,29.0,29.0,0.02,8
2013-05-09,0060,8000,232760,29.06,29.18,29.0,29.11,0.11,8
2013-05-10,0060,4000,116580,28.92,29.37,28.92,29.37,0.26,2
2013-05-13,0060,1008,29558,29.34,29.34,29.34,29.34,-0.03,2
2013-05-14,0060,1000,29400,29.4,29.4,29.4,29.4,0.06,1
2013-05-15,0060,0,0,0.0,0.0,0.0,0.0,0.0,0
2013-05-16,0060,12000,355900,29.6,29.75,29.6,29.75,0.0,9
2013-05-17,0060,20000,592230,29.6,29.83,29.6,29.83,0.08,4
2013-05-20,0060,0,0,0.0,0.0,0.0,0.0,0.0,0
2013-05-21,0060,0,0,0.0,0.0,0.0,0.0,0.0,0
2013-05-22,0060,8000,237920,29.74,29.74,29.74,29.74,0.0,2
2013-05-23,0060,3000,88700,29.6,29.6,29.5,29.5,-0.24,3
2013-05-24,0060,6000,173660,28.82,29.52,28.8,28.8,-0.7,5
2013-05-27,0060,7000,201600,28.8,28.8,28.8,28.8,0.0,2
2013-05-28,0060,233002,6780114,29.18,29.28,28.84,28.84,0.04,8
2013-05-29,0060,0,0,0.0,0.0,0.0,0.0,0.0,0
2013-05-30,0060,0,0,0.0,0.0,0.0,0.0,0.0,0
2013-05-31,0060,0,0,0.0,0.0,0.0,0.0,0.0,0
2013-06-03,0060,0,0,0.0,0.0,0.0,0.0,0.0,0
2013-06-04,0060,0,0,0.0,0.0,0.0,0.0,0.0,0
2013-06-05,0060,1000,28800,28.8,28.8,28.8,28.8,0.0,1
2013-06-06,0060,0,0,0.0,0.0,0.0,0.0,0.0,0
2013-06-07,0060,5000,143350,28.71,28.71,28.61,28.61,0.0,3
2013-06-10,0060,15002,425627,28.33,28.68,28.33,28.68,0.07,4
2013-06-11,0060,13000,372510,28.61,29.19,28.61,29.19,0.51,2
2013-06-13,0060,2000,57460,29.16,29.16,28.3,28.3,-0.89,2
2013-06-14,0060,1000,29150,29.15,29.15,29.15,29.15,0.85,1
2013-06-17,0060,0,0,0.0,0.0,0.0,0.0,0.0,0
2013-06-18,0060,7000,199240,28.54,28.54,28.4,28.41,0.0,5
2013-06-19,0060,12000,340650,28.44,28.44,28.35,28.41,0.0,4
2013-06-20,0060,2000,56010,28.01,28.01,28.0,28.0,-0.41,2
2013-06-21,0060,0,0,0.0,0.0,0.0,0.0,0.0,0
2013-06-24,0060,3000,86960,28.98,28.99,28.98,28.99,0.0,2
2013-06-25,0060,3000,86480,28.87,28.87,28.74,28.74,-0.25,3
2013-06-26,0060,0,0,0.0,0.0,0.0,0.0,0.0,0
2013-06-27,0060,4000,113960,28.79,28.79,28.19,28.19,0.0,3
2013-06-28,0060,0,0,0.0,0.0,0.0,0.0,0.0,0
2013-07-01,0060,3000,84250,28.02,28.21,28.02,28.21,0.0,2
2013-07-02,0060,0,0,0.0,0.0,0.0,0.0,0.0,0
2013-07-03,0060,4000,112410,28.01,28.2,28.0,28.0,0.0,3
2013-07-04,0060,1000,28000,28.0,28.0,28.0,28.0,0.0,1
2013-07-05,0060,5000,142470,28.51,28.51,28.49,28.49,0.49,2
2013-07-08,0060,2000,56850,28.65,28.65,28.2,28.2,-0.29,2
2013-07-09,0060,5000,143870,28.49,28.89,28.49,28.8,0.6,4
2013-07-10,0060,2000,57660,28.96,28.96,28.7,28.7,-0.1,2
2013-07-11,0060,6000,177340,29.4,29.8,29.4,29.8,1.1,6
2013-07-12,0060,9000,265860,29.54,29.54,29.54,29.54,-0.26,2
2013-07-15,0060,6000,178210,29.42,30.2,29.42,30.2,0.66,5
2013-07-16,0060,4000,120800,30.2,30.2,30.2,30.2,0.0,3
2013-07-17,0060,8000,243700,30.4,30.6,30.4,30.6,0.4,5
2013-07-18,0060,7188,219640,30.7,30.7,30.5,30.6,0.0,6
2013-07-19,0060,0,0,0.0,0.0,0.0,0.0,0.0,0
2013-07-22,0060,12000,366500,30.8,30.9,30.2,30.28,0.0,11
2013-07-23,0060,5000,153890,30.4,31.03,30.4,31.03,0.75,5
2013-07-24,0060,5000,152520,31.0,31.0,30.36,30.44,-0.59,3
2013-07-25,0060,9000,275050,30.6,30.95,30.5,30.5,0.06,8
2013-07-26,0060,14000,425180,30.37,30.37,30.37,30.37,-0.13,1
2013-07-29,0060,4000,122880,30.69,30.75,30.69,30.75,0.38,4
2013-07-30,0060,9000,272600,30.75,30.75,30.11,30.24,-0.51,9
2013-07-31,0060,26000,789100,30.35,30.35,30.35,30.35,0.11,5
2013-08-01,0060,0,0,0.0,0.0,0.0,0.0,0.0,0
2013-08-02,0060,2000,61000,30.5,30.5,30.5,30.5,0.0,2
2013-08-05,0060,2000,61800,30.9,30.9,30.9,30.9,0.4,2
2013-08-06,0060,1000,30860,30.86,30.86,30.86,30.86,-0.04,1
2013-08-07,0060,5000,158190,30.15,32.8,30.15,32.49,1.63,5
2013-08-08,0060,2000,61980,30.99,30.99,30.99,30.99,-1.5,2
2013-08-09,0060,4000,118760,29.81,29.81,29.56,29.56,-1.43,3
2013-08-12,0060,5000,149080,30.8,30.8,29.57,29.57,0.01,3
2013-08-13,0060,1000,30290,30.29,30.29,30.29,30.29,0.72,1
2013-08-14,0060,2000,59380,29.72,29.72,29.66,29.66,-0.63,2
2013-08-15,0060,0,0,0.0,0.0,0.0,0.0,0.0,0
2013-08-16,0060,1000,30010,30.01,30.01,30.01,30.01,0.0,1
2013-08-19,0060,9000,266680,30.55,30.55,29.36,29.37,-0.64,8
2013-08-20,0060,0,0,0.0,0.0,0.0,0.0,0.0,0
2013-08-22,0060,0,0,0.0,0.0,0.0,0.0,0.0,0
2013-08-23,0060,3000,88320,29.37,29.49,29.37,29.49,0.0,3
2013-08-26,0060,3000,87320,29.12,29.12,29.1,29.1,-0.39,3
2013-08-27,0060,4000,118680,29.55,30.04,29.54,30.04,0.94,4
2013-08-28,0060,1000,29420,29.42,29.42,29.42,29.42,-0.62,1
2013-08-29,0060,2000,60940,30.48,30.48,30.46,30.46,1.04,2
2013-08-30,0060,0,0,0.0,0.0,0.0,0.0,0.0,0
2013-09-02,0060,22000,651220,29.51,29.61,29.51,29.61,0.0,6
2013-09-03,0060,5000,149960,30.25,30.25,29.9,29.9,0.29,5
2013-09-04,0060,0,0,0.0,0.0,0.0,0.0,0.0,0
2013-09-05,0060,3000,91460,30.43,30.55,30.43,30.55,0.0,3
2013-09-06,0060,2100,64274,30.76,30.76,30.67,30.67,0.12,3
2013-09-09,0060,5000,153470,30.76,30.76,30.59,30.59,-0.08,4
2013-09-10,0060,0,0,0.0,0.0,0.0,0.0,0.0,0
2013-09-11,0060,5000,153100,30.59,30.65,30.59,30.63,0.0,5
2013-09-12,0060,10000,308560,30.96,31.0,30.8,30.8,0.17,4
2013-09-13,0060,2000,61850,30.86,30.99,30.86,30.99,0.19,2
2013-09-14,0060,2000,61120,30.56,30.56,30.56,30.56,-0.43,1
2013-09-16,0060,4000,123610,30.9,31.05,30.83,30.83,0.27,3
2013-09-17,0060,3100,96697,31.19,31.19,31.19,31.19,0.36,4
2013-09-18,0060,2000,61780,31.1,31.1,30.68,30.68,-0.51,2
2013-09-23,0060,4000,124400,30.71,31.34,30.71,31.34,0.66,4
2013-09-24,0060,2000,62620,31.31,31.31,31.31,31.31,-0.03,2
2013-09-25,0060,11000,341000,31.0,31.0,31.0,31.0,-0.31,4
2013-09-26,0060,1000,31000,31.0,31.0,31.0,31.0,0.0,1
2013-09-27,0060,9000,277970,31.0,31.0,30.79,30.79,-0.21,8
2013-09-30,0060,0,0,0.0,0.0,0.0,0.0,0.0,0
2013-10-01,0060,0,0,0.0,0.0,0.0,0.0,0.0,0
2013-10-02,0060,0,0,0.0,0.0,0.0,0.0,0.0,0
2013-10-03,0060,12000,376970,31.34,31.74,31.34,31.7,0.0,6
2013-10-04,0060,0,0,0.0,0.0,0.0,0.0,0.0,0
2013-10-07,0060,13000,405960,30.75,31.57,30.75,31.57,0.0,10
2013-10-08,0060,10000,315850,31.6,32.1,31.45,31.45,-0.12,10
2013-10-09,0060,3000,96550,32.19,32.19,32.18,32.18,0.73,2
2013-10-11,0060,2000,63910,32.0,32.0,31.91,31.91,-0.27,2
2013-10-14,0060,26000,820800,31.51,31.78,31.5,31.78,-0.13,25
2013-10-15,0060,5000,160850,32.17,32.17,32.17,32.17,0.39,5
2013-10-16,0060,3000,95990,32.19,32.19,31.9,31.9,-0.27,3
2013-10-17,0060,8765,280792,31.91,32.31,31.91,32.3,0.4,7
2013-10-18,0060,0,0,0.0,0.0,0.0,0.0,0.0,0
2013-10-21,0060,5000,158890,32.0,32.0,31.61,31.64,0.0,5
2013-10-22,0060,0,0,0.0,0.0,0.0,0.0,0.0,0
2013-10-23,0060,4000,126860,31.73,31.73,31.71,31.71,0.0,4
2013-10-24,0060,3000,95610,31.95,31.95,31.71,31.71,0.0,3
2013-10-25,0060,1000,31990,31.99,31.99,31.99,31.99,0.28,1
2013-10-28,0060,13000,412250,31.8,31.8,31.5,31.8,-0.19,13
2013-10-29,0060,6000,191580,32.74,32.74,31.41,31.44,-0.36,5
2013-10-30,0060,0,0,0.0,0.0,0.0,0.0,0.0,0
2013-10-31,0060,13000,415540,32.0,32.0,31.54,32.0,0.0,4
2013-11-01,0060,2765,89700,32.61,32.61,32.61,32.61,0.61,3
2013-11-04,0060,5000,156780,31.32,31.5,31.32,31.5,-1.11,2
2013-11-05,0060,1000,31690,31.69,31.69,31.69,31.69,0.19,1
2013-11-06,0060,1000,31590,31.59,31.59,31.59,31.59,-0.1,1
2013-11-07,0060,5000,157330,31.52,31.52,31.38,31.39,-0.2,3
2013-11-08,0060,0,0,0.0,0.0,0.0,0.0,0.0,0
2013-11-11,0060,2000,60820,30.41,30.41,30.41,30.41,0.0,1
2013-11-12,0060,4000,123180,30.79,30.81,30.79,30.81,0.4,3
2013-11-13,0060,7000,219410,31.15,31.49,31.15,31.49,0.68,3
2013-11-14,0060,3000,93000,31.0,31.0,31.0,31.0,-0.49,3
2013-11-15,0060,0,0,0.0,0.0,0.0,0.0,0.0,0
2013-11-18,0060,1000,31150,31.15,31.15,31.15,31.15,0.0,1
2013-11-19,0060,3000,96180,32.09,32.09,32.0,32.0,0.85,2
2013-11-20,0060,4000,125920,31.48,31.48,31.48,31.48,-0.52,2
2013-11-21,0060,2000,63080,31.54,31.54,31.54,31.54,0.06,1
2013-11-22,0060,6000,188230,31.49,31.49,30.8,31.47,-0.07,3
2013-11-25,0060,1000,31190,31.19,31.19,31.19,31.19,0.0,1
2013-11-26,0060,1000,30840,30.84,30.84,30.84,30.84,-0.35,1
2013-11-27,0060,4000,127960,31.99,31.99,31.99,31.99,1.15,3
2013-11-28,0060,0,0,0.0,0.0,0.0,0.0,0.0,0
2013-11-29,0060,16000,506080,31.63,31.63,31.63,31.63,0.0,16
2013-12-02,0060,5000,155670,31.63,31.63,31.0,31.04,-0.59,5
2013-12-03,0060,4000,125980,32.39,32.39,31.07,31.26,0.22,3
2013-12-04,0060,2000,62480,31.24,31.24,31.24,31.24,-0.02,2
2013-12-05,0060,2000,61860,30.95,30.95,30.91,30.91,-0.33,2
2013-12-06,0060,1000,31080,31.08,31.08,31.08,31.08,0.17,1
2013-12-09,0060,10000,312030,31.49,31.49,31.06,31.06,-0.02,9
2013-12-10,0060,0,0,0.0,0.0,0.0,0.0,0.0,0
2013-12-11,0060,4000,124080,31.01,31.1,30.96,30.96,0.0,4
2013-12-12,0060,0,0,0.0,0.0,0.0,0.0,0.0,0
2013-12-13,0060,4000,124900,31.02,31.3,31.02,31.3,0.0,3
2013-12-16,0060,1000,31100,31.1,31.1,31.1,31.1,-0.2,1
2013-12-17,0060,15000,488760,32.55,32.73,31.37,32.72,1.62,5
2013-12-18,0060,1000,30680,30.68,30.68,30.68,30.68,-2.04,1
2013-12-19,0060,1011,31253,30.91,30.91,30.91,30.91,0.23,2
2013-12-20,0060,1000,30950,30.95,30.95,30.95,30.95,0.04,1
2013-12-23,0060,2000,62020,31.01,31.01,31.01,31.01,0.06,1
2013-12-24,0060,8000,251370,31.26,32.58,31.2,32.58,1.57,7
2013-12-25,0060,10000,314430,32.78,32.78,31.21,31.55,-1.03,10
2013-12-26,0060,2000,62190,31.12,31.12,31.07,31.07,-0.48,2
2013-12-27,0060,3000,94960,31.6,31.76,31.6,31.76,0.69,3
2013-12-30,0060,4000,127310,31.31,32.0,31.31,32.0,0.24,4
2013-12-31,0060,4000,127400,31.85,31.85,31.85,31.85,-0.15,4
2014-01-02,0060,2000,63700,31.85,31.85,31.85,31.85,0.0,2
2014-01-03,0060,1000,31850,31.85,31.85,31.85,31.85,0.0,1
2014-01-06,0060,1000,31210,31.21,31.21,31.21,31.21,-0.64,1
2014-01-07,0060,107000,3367790,31.62,32.29,31.45,31.5,0.29,7
2014-01-08,0060,100000,3150000,31.5,31.5,31.5,31.5,0.0,2
2014-01-09,0060,100000,3132000,31.32,31.32,31.32,31.32,-0.18,1
2014-01-10,0060,1000,31320,31.32,31.32,31.32,31.32,0.0,1
2014-01-13,0060,3000,93360,31.12,31.12,31.12,31.12,-0.2,1
2014-01-14,0060,1000,31190,31.19,31.19,31.19,31.19,0.07,1
2014-01-15,0060,0,0,0.0,0.0,0.0,0.0,0.0,0
2014-01-16,0060,1000,32490,32.49,32.49,32.49,32.49,0.0,1
2014-01-17,0060,37000,1150640,32.0,32.0,30.97,31.96,-0.53,7
2014-01-20,0060,0,0,0.0,0.0,0.0,0.0,0.0,0
2014-01-21,0060,8000,248550,30.98,31.15,30.98,31.13,0.0,6
2014-01-22,0060,0,0,0.0,0.0,0.0,0.0,0.0,0
2014-01-23,0060,1000,31850,31.85,31.85,31.85,31.85,0.0,1
2014-01-24,0060,1000,32780,32.78,32.78,32.78,32.78,0.93,1
2014-01-27,0060,1000,32650,32.65,32.65,32.65,32.65,-0.13,1
2014-02-05,0060,7000,223800,32.0,32.0,31.9,31.9,-0.75,6
2014-02-06,0060,1000,30370,30.37,30.37,30.37,30.37,-1.53,1
2014-02-07,0060,5000,157340,30.37,31.99,30.37,31.0,0.63,3
2014-02-10,0060,3500,105750,30.15,30.18,30.15,30.18,-0.82,4
2014-02-11,0060,0,0,0.0,0.0,0.0,0.0,0.0,0
2014-02-12,0060,1225,39073,31.84,31.84,31.84,31.84,0.0,2
2014-02-13,0060,4023,123367,31.31,31.31,30.45,30.45,-1.39,4
2014-02-14,0060,4000,123190,31.0,31.0,30.4,30.4,-0.05,4
2014-02-17,0060,0,0,0.0,0.0,0.0,0.0,0.0,0
2014-02-18,0060,5000,152980,30.74,30.74,30.5,30.5,0.0,4
2014-02-19,0060,0,0,0.0,0.0,0.0,0.0,0.0,0
2014-02-20,0060,3000,93030,31.03,31.03,31.0,31.0,0.0,3
2014-02-21,0060,1000,30250,30.25,30.25,30.25,30.25,-0.75,1
2014-02-24,0060,3000,90880,30.33,30.33,30.26,30.29,0.04,3
2014-02-25,0060,4000,124790,30.25,31.96,30.25,31.96,1.67,4
2014-02-26,0060,6000,183570,30.25,31.96,30.19,31.96,0.0,5
2014-02-27,0060,6000,189720,30.25,31.99,30.25,31.55,-0.41,6
2014-03-03,0060,3000,89810,29.95,29.95,29.91,29.91,-1.64,2
2014-03-04,0060,6000,182580,30.12,31.96,30.1,31.96,2.05,6
2014-03-05,0060,40000,1205790,30.22,30.89,30.1,30.89,-1.07,12
2014-03-06,0060,5000,152480,30.51,30.51,30.47,30.51,-0.38,5
2014-03-07,0060,6000,185290,30.97,30.97,30.6,30.6,0.09,3
2014-03-10,0060,3000,90780,30.21,30.3,30.21,30.3,-0.3,3
2014-03-11,0060,2000,60510,30.4,30.4,30.11,30.11,-0.19,2
2014-03-12,0060,1000,30490,30.49,30.49,30.49,30.49,0.38,1
2014-03-13,0060,1000,30490,30.49,30.49,30.49,30.49,0.0,1
2014-03-14,0060,3000,90390,30.15,30.24,30.0,30.24,-0.25,3
2014-03-17,0060,5000,148240,30.0,30.0,29.51,29.51,-0.73,3
2014-03-18,0060,4000,121120,30.34,30.34,30.2,30.2,0.69,3
2014-03-19,0060,1000,30120,30.12,30.12,30.12,30.12,-0.08,1
2014-03-20,0060,4000,119850,30.0,30.0,29.95,29.95,-0.17,2
2014-03-21,0060,2000,59590,29.79,29.8,29.79,29.8,-0.15,2
2014-03-24,0060,6000,176790,29.77,29.77,29.17,29.58,-0.22,5
2014-03-25,0060,4000,120090,29.53,30.88,29.53,30.0,0.42,4
2014-03-26,0060,1000,29630,29.63,29.63,29.63,29.63,-0.37,1
2014-03-27,0060,4000,120960,30.17,30.36,30.17,30.26,0.63,3
2014-03-28,0060,1000,29850,29.85,29.85,29.85,29.85,-0.41,1
2014-03-31,0060,6540,196518,29.97,30.3,29.97,30.3,0.45,5
2014-04-01,0060,4000,121200,30.3,30.3,30.3,30.3,0.0,4
2014-04-02,0060,0,0,0.0,0.0,0.0,0.0,0.0,0
2014-04-03,0060,1000,30550,30.55,30.55,30.55,30.55,0.0,1
2014-04-07,0060,1000,30400,30.4,30.4,30.4,30.4,-0.15,1
2014-04-08,0060,5000,153100,30.5,30.9,30.5,30.9,0.5,4
2014-04-09,0060,0,0,0.0,0.0,0.0,0.0,0.0,0
2014-04-10,0060,0,0,0.0,0.0,0.0,0.0,0.0,0
2014-04-11,0060,33000,1007190,30.52,30.55,30.52,30.55,0.0,2
2014-04-14,0060,3000,90830,30.4,30.4,30.21,30.21,-0.34,3
2014-04-15,0060,2000,61480,30.74,30.74,30.74,30.74,0.53,2
2014-04-16,0060,1000,30790,30.79,30.79,30.79,30.79,0.05,1
2014-04-17,0060,9000,282710,30.66,32.79,30.66,31.02,0.23,9
2014-04-18,0060,2000,61710,31.02,31.02,30.69,30.69,-0.33,2
2014-04-21,0060,1000,30900,30.9,30.9,30.9,30.9,0.21,1
2014-04-22,0060,5000,153450,31.0,31.0,30.21,30.21,-0.69,4
2014-04-23,0060,3000,92140,30.31,31.3,30.31,30.53,0.32,3
2014-04-24,0060,4000,120540,30.24,30.24,30.04,30.04,-0.49,4
2014-04-25,0060,4000,122910,30.89,30.89,30.62,30.62,0.58,3
2014-04-28,0060,8000,236300,29.41,29.9,29.41,29.9,-0.72,7
2014-04-29,0060,4000,120300,30.0,30.2,30.0,30.2,0.3,4
2014-04-30,0060,2000,59630,29.63,30.0,29.63,30.0,-0.2,2
2014-05-02,0060,2000,60970,29.71,31.26,29.71,31.26,1.26,2
2014-05-05,0060,4000,120160,29.72,30.98,29.72,30.98,-0.28,4
2014-05-06,0060,2000,58960,29.46,29.5,29.46,29.5,-1.48,2
2014-05-07,0060,6000,185250,29.62,31.54,29.62,31.43,1.93,6
2014-05-08,0060,1000,29620,29.62,29.62,29.62,29.62,-1.81,1
2014-05-09,0060,1000,29730,29.73,29.73,29.73,29.73,0.11,1
2014-05-12,0060,1000,29660,29.66,29.66,29.66,29.66,-0.07,1
2014-05-13,0060,2000,59680,29.68,30.0,29.68,30.0,0.34,2
2014-05-14,0060,0,0,0.0,0.0,0.0,0.0,0.0,0
2014-05-15,0060,1000,31090,31.09,31.09,31.09,31.09,0.0,1
2014-05-16,0060,1000,31040,31.04,31.04,31.04,31.04,-0.05,1
2014-05-19,0060,7330,224781,31.0,31.0,30.33,30.33,-0.71,7
2014-05-20,0060,1000,30000,30.0,30.0,30.0,30.0,-0.33,1
2014-05-21,0060,0,0,0.0,0.0,0.0,0.0,0.0,0
2014-05-22,0060,6000,180750,30.02,30.18,30.02,30.18,0.0,6
2014-05-23,0060,2000,60880,30.39,30.49,30.39,30.49,0.31,2
2014-05-26,0060,0,0,0.0,0.0,0.0,0.0,0.0,0
2014-05-27,0060,5000,153130,29.92,30.94,29.92,30.67,0.0,4
2014-05-28,0060,6000,183970,30.66,30.67,30.66,30.67,0.0,3
2014-05-29,0060,3000,91610,30.97,30.97,30.32,30.32,-0.35,3
2014-05-30,0060,1050,32512,30.95,30.95,30.95,30.95,0.63,2
2014-06-03,0060,5000,151580,30.37,30.39,30.04,30.04,-0.91,4
2014-06-04,0060,30000,929140,30.55,31.01,30.55,30.99,0.95,18
2014-06-05,0060,0,0,0.0,0.0,0.0,0.0,0.0,0
2014-06-06,0060,2000,61370,30.67,30.7,30.67,30.7,0.0,2
2014-06-09,0060,23000,698360,30.8,30.8,30.26,30.77,0.07,22
2014-06-10,0060,0,0,0.0,0.0,0.0,0.0,0.0,0
2014-06-11,0060,0,0,0.0,0.0,0.0,0.0,0.0,0
2014-06-12,0060,11000,333610,30.35,30.35,30.32,30.35,0.0,6
2014-06-13,0060,4000,121610,30.23,30.62,30.23,30.53,0.18,3
2014-06-16,0060,0,0,0.0,0.0,0.0,0.0,0.0,0
2014-06-17,0060,3000,92180,30.79,30.79,30.6,30.6,0.0,2
2014-06-18,0060,2000,61180,30.52,30.66,30.52,30.66,0.06,2
2014-06-19,0060,2000,61610,30.7,30.91,30.7,30.91,0.25,2
2014-06-20,0060,2000,61280,30.65,30.65,30.63,30.63,-0.28,2
2014-06-23,0060,11000,336710,30.61,30.61,30.61,30.61,-0.02,2
2014-06-24,0060,2000,61790,30.8,30.99,30.8,30.99,0.38,2
2014-06-25,0060,1000,30930,30.93,30.93,30.93,30.93,-0.06,1
2014-06-26,0060,1000,31000,31.0,31.0,31.0,31.0,0.07,1
2014-06-27,0060,5000,155580,31.0,31.15,31.0,31.14,0.14,5
2014-06-30,0060,3000,93180,31.0,31.18,31.0,31.18,0.04,3
2014-07-01,0060,3000,93680,31.2,31.3,31.18,31.3,0.12,3
2014-07-02,0060,6011,188378,31.28,31.45,31.28,31.45,0.15,7
2014-07-03,0060,5000,155350,31.07,31.07,31.07,31.07,-0.38,1
2014-07-04,0060,10000,310220,31.02,31.04,31.02,31.04,-0.03,3
2014-07-07,0060,14000,433140,31.0,31.0,30.89,31.0,-0.04,11
2014-07-08,0060,9035,281680,31.3,31.3,31.08,31.12,0.12,10
2014-07-09,0060,7000,218620,31.21,31.4,31.17,31.4,0.28,7
2014-07-10,0060,2000,63100,31.5,31.6,31.5,31.6,0.2,2
2014-07-11,0060,5000,157680,31.59,31.59,31.5,31.52,-0.08,5
2014-07-14,0060,32000,1010090,31.53,31.66,31.53,31.66,0.14,32
2014-07-15,0060,9000,288730,32.35,32.35,32.0,32.0,0.34,6
2014-07-16,0060,1000,32070,32.07,32.07,32.07,32.07,0.07,1
2014-07-17,0060,6000,192340,32.0,32.09,32.0,32.07,0.0,6
2014-07-18,0060,0,0,0.0,0.0,0.0,0.0,0.0,0
2014-07-21,0060,66000,2118040,32.09,32.19,32.09,32.19,0.0,7
2014-07-22,0060,4000,128400,32.1,32.1,32.1,32.1,-0.09,4
2014-07-24,0060,3000,96900,32.3,32.3,32.3,32.3,0.2,3
2014-07-25,0060,3000,96900,32.3,32.3,32.3,32.3,0.0,3
2014-07-28,0060,5000,162730,32.5,32.73,32.5,32.73,0.43,5
2014-07-29,0060,6248,206349,33.0,33.34,33.0,33.0,0.27,8
2014-07-30,0060,2000,65750,33.0,33.0,32.75,32.75,-0.25,2
2014-07-31,0060,2000,65480,32.63,32.85,32.63,32.85,0.1,2
2014-08-01,0060,7000,224550,32.05,32.89,31.83,32.89,0.04,7
2014-08-04,0060,9050,288895,31.96,31.96,31.91,31.91,-0.98,9
2014-08-05,0060,2000,63620,31.81,31.81,31.81,31.81,-0.1,2
2014-08-06,0060,3000,93930,31.31,31.31,31.31,31.31,-0.5,3
2014-08-07,0060,4000,127280,31.89,31.89,31.75,31.75,0.44,3
2014-08-08,0060,120001,3789631,31.85,31.85,31.31,31.31,-0.44,10
2014-08-11,0060,0,0,0.0,0.0,0.0,0.0,0.0,0
2014-08-12,0060,0,0,0.0,0.0,0.0,0.0,0.0,0
2014-08-13,0060,1000,32000,32.0,32.0,32.0,32.0,0.0,1
2014-08-14,0060,0,0,0.0,0.0,0.0,0.0,0.0,0
2014-08-15,0060,0,0,0.0,0.0,0.0,0.0,0.0,0
2014-08-18,0060,1000,31980,31.98,31.98,31.98,31.98,0.0,1
2014-08-19,0060,3000,95680,31.89,31.9,31.89,31.9,-0.08,2
2014-08-20,0060,2000,63960,31.98,31.98,31.98,31.98,0.08,2
2014-08-21,0060,4000,128510,32.12,32.15,32.12,32.15,0.17,3
2014-08-22,0060,5000,163980,32.78,32.8,32.78,32.8,0.65,3
2014-08-25,0060,1000,32800,32.8,32.8,32.8,32.8,0.0,1
2014-08-26,0060,69000,2283000,33.09,33.09,33.08,33.09,0.29,67
2014-08-27,0060,4000,133480,33.4,33.4,33.3,33.38,0.29,3
2014-08-28,0060,7000,231090,33.22,33.22,32.96,32.97,-0.41,4
2014-08-29,0060,30000,979220,32.6,33.02,32.6,32.99,0.02,11
2014-09-01,0060,3000,99070,33.02,33.03,33.02,33.03,0.04,2
2014-09-02,0060,18000,591660,32.87,32.87,32.87,32.87,-0.16,1
2014-09-03,0060,2000,65580,32.79,32.79,32.79,32.79,-0.08,2
2014-09-04,0060,0,0,0.0,0.0,0.0,0.0,0.0,0
2014-09-05,0060,403000,13298940,32.94,33.0,32.94,33.0,0.0,5
2014-09-09,0060,6000,198750,33.21,33.21,32.97,33.19,0.19,4
2014-09-10,0060,5000,163620,32.93,32.93,32.58,32.59,-0.6,4
2014-09-11,0060,0,0,0.0,0.0,0.0,0.0,0.0,0
2014-09-12,0060,0,0,0.0,0.0,0.0,0.0,0.0,0
2014-09-15,0060,4000,129690,32.44,32.44,32.41,32.43,0.0,4
2014-09-16,0060,2000,64610,32.36,32.36,32.25,32.25,-0.18,2
2014-09-17,0060,13000,420240,32.38,32.48,32.3,32.3,0.05,3
2014-09-18,0060,0,0,0.0,0.0,0.0,0.0,0.0,0
2014-09-19,0060,1000,32450,32.45,32.45,32.45,32.45,0.0,1
2014-09-22,0060,3000,95620,31.85,31.92,31.85,31.92,-0.53,2
2014-09-23,0060,4000,127780,31.99,31.99,31.9,31.9,-0.02,3
2014-09-24,0060,1000,31900,31.9,31.9,31.9,31.9,0.0,1
2014-09-25,0060,1035,33171,32.05,32.05,32.05,32.05,0.15,2
2014-09-26,0060,100,3205,0.0,0.0,0.0,0.0,0.0,1
2014-09-29,0060,6165,194793,31.63,31.63,31.53,31.53,0.0,5
2014-09-30,0060,3000,94200,31.46,31.46,31.32,31.42,-0.11,3
2014-10-01,0060,1000,31180,31.18,31.18,31.18,31.18,-0.24,1
2014-10-02,0060,0,0,0.0,0.0,0.0,0.0,0.0,0
2014-10-03,0060,1000,31510,31.51,31.51,31.51,31.51,0.0,1
2014-10-06,0060,2000,62660,31.33,31.33,31.33,31.33,-0.18,1
2014-10-07,0060,7000,219420,31.26,31.49,31.19,31.47,0.14,5
2014-10-08,0060,65000,2041030,31.42,31.56,31.33,31.56,0.09,65
2014-10-09,0060,17000,534480,31.44,31.44,31.44,31.44,-0.12,1
2014-10-13,0060,0,0,0.0,0.0,0.0,0.0,0.0,0
2014-10-14,0060,3000,92300,30.7,30.9,30.7,30.9,0.0,2
2014-10-15,0060,1000,30820,30.82,30.82,30.82,30.82,-0.08,1
2014-10-16,0060,1000,30330,30.33,30.33,30.33,30.33,-0.49,1
2014-10-17,0060,6000,181110,30.39,30.39,29.95,29.95,-0.38,5
2014-10-20,0060,3000,90550,30.1,30.27,30.1,30.27,0.32,3
2014-10-21,0060,2000,60560,30.26,30.3,30.26,30.3,0.03,2
2014-10-22,0060,2000,61350,30.66,30.69,30.66,30.69,0.39,2
2014-10-23,0060,2000,61620,30.8,30.82,30.8,30.82,0.13,2
2014-10-24,0060,16000,488200,30.55,30.55,30.49,30.49,-0.33,16
2014-10-27,0060,2000,60960,30.5,30.5,30.46,30.46,-0.03,2
2014-10-28,0060,5000,156100,31.18,31.25,31.18,31.25,0.79,4
2014-10-29,0060,2000,62910,31.5,31.5,31.41,31.41,0.16,2
2014-10-30,0060,1000,31570,31.57,31.57,31.57,31.57,0.16,1
2014-10-31,0060,3000,95280,31.78,31.79,31.71,31.79,0.22,3
2014-11-03,0060,2000,63440,31.72,31.72,31.72,31.72,-0.07,1
2014-11-04,0060,3000,95870,32.01,32.01,31.93,31.93,0.21,2
2014-11-05,0060,3000,95260,31.77,31.77,31.72,31.72,-0.21,2
2014-11-06,0060,1000,31760,31.76,31.76,31.76,31.76,0.04,1
2014-11-07,0060,3006,95131,31.68,31.68,31.58,31.58,-0.18,3
2014-11-10,0060,5000,159740,31.73,32.11,31.73,32.11,0.53,5
2014-11-11,0060,10,321,0.0,0.0,0.0,0.0,0.0,1
2014-11-12,0060,5000,158440,31.95,31.95,31.46,31.46,0.0,5
2014-11-13,0060,1000,31610,31.61,31.61,31.61,31.61,0.15,1
2014-11-14,0060,1010,31949,31.63,31.63,31.63,31.63,0.02,2
2014-11-17,0060,8005,250288,31.52,31.52,31.12,31.31,-0.32,9
2014-11-18,0060,3000,94540,31.46,31.57,31.46,31.51,0.2,3
2014-11-19,0060,2000,63420,31.69,31.73,31.69,31.73,0.22,2
2014-11-20,0060,1000,31910,31.91,31.91,31.91,31.91,0.18,1
2014-11-21,0060,0,0,0.0,0.0,0.0,0.0,0.0,0
2014-11-24,0060,5000,160520,32.06,32.16,32.06,32.16,0.0,5
2014-11-25,0060,13000,410030,31.49,31.64,31.49,31.53,0.0,4
2014-11-26,0060,41000,1287500,31.5,31.5,31.4,31.4,-0.13,2
2014-11-27,0060,33000,1039130,31.55,31.68,31.47,31.47,0.07,7
2014-11-28,0060,35000,1101270,31.48,31.49,31.46,31.46,-0.01,6
2014-12-01,0060,7000,218540,31.46,31.46,31.05,31.13,-0.33,7
2014-12-02,0060,4000,123430,30.98,30.98,30.75,30.8,-0.33,4
2014-12-03,0060,2000,62050,30.95,31.1,30.95,31.1,0.3,2
2014-12-04,0060,2000,62920,31.43,31.49,31.43,31.49,0.39,2
2014-12-05,0060,1001,31491,31.46,31.46,31.46,31.46,-0.03,2
2014-12-08,0060,4000,125770,31.43,31.48,31.43,31.48,0.02,3
2014-12-09,0060,5000,157180,31.44,31.44,31.43,31.43,-0.05,3
2014-12-10,0060,103000,3220330,31.28,31.28,30.95,30.95,-0.48,4
2014-12-11,0060,1000,30750,30.75,30.75,30.75,30.75,-0.2,1
2014-12-12,0060,1000,30900,30.9,30.9,30.9,30.9,0.15,1
2014-12-15,0060,5000,152680,30.56,30.56,30.5,30.53,-0.37,4
2014-12-16,0060,4000,122510,30.54,30.69,30.54,30.63,0.1,4
2014-12-17,0060,8000,242390,30.53,30.53,30.0,30.0,-0.63,7
2014-12-18,0060,5000,150310,30.14,30.14,30.01,30.01,0.01,3
2014-12-19,0060,4000,121520,30.16,30.59,30.16,30.59,0.58,4
2014-12-22,0060,4000,122610,30.6,30.71,30.6,30.71,0.12,3
2014-12-23,0060,4000,123420,30.86,30.86,30.85,30.85,0.14,3
2014-12-24,0060,4000,124300,31.0,31.15,31.0,31.15,0.3,4
2014-12-25,0060,18000,560180,31.24,31.24,31.1,31.12,-0.03,18
2014-12-26,0060,4000,124960,31.22,31.3,31.22,31.3,0.18,4
2014-12-27,0060,4000,125240,31.31,31.31,31.31,31.31,0.01,3
2014-12-29,0060,4000,126040,31.49,31.52,31.49,31.52,0.21,4
2014-12-30,0060,2000,63280,31.67,31.67,31.61,31.61,0.09,2
2014-12-31,0060,36000,1136640,31.46,31.6,31.46,31.6,-0.01,5
2015-01-05,0060,3000,93900,31.45,31.45,31.15,31.15,-0.45,3
2015-01-06,0060,6000,185760,31.0,31.15,30.8,30.8,-0.35,6
2015-01-07,0060,6000,185370,30.84,31.03,30.75,31.03,0.23,5
2015-01-08,0060,2000,62340,31.17,31.17,31.17,31.17,0.14,2
2015-01-09,0060,1000,31300,31.3,31.3,31.3,31.3,0.13,1
2015-01-12,0060,3000,93230,31.15,31.15,31.03,31.05,-0.25,3
2015-01-13,0060,3000,94010,31.21,31.44,31.21,31.44,0.39,3
2015-01-14,0060,0,0,0.0,0.0,0.0,0.0,0.0,0
2015-01-15,0060,1000,31290,31.29,31.29,31.29,31.29,0.0,1
2015-01-16,0060,3000,93230,31.24,31.24,30.92,30.92,-0.37,3
2015-01-19,0060,5000,156390,31.07,31.38,31.07,31.33,0.41,4
2015-01-20,0060,5000,157490,31.48,31.54,31.39,31.39,0.06,5
2015-01-21,0060,5000,157350,31.47,31.47,31.47,31.47,0.08,2
2015-01-22,0060,3050,96673,31.62,31.75,31.62,31.75,0.28,4
2015-01-23,0060,6000,191810,31.9,32.1,31.9,32.1,0.35,5
2015-01-26,0060,42000,1326580,31.4,31.8,31.4,31.79,-0.31,11
2015-01-27,0060,11000,351620,31.94,32.06,31.89,31.92,0.13,7
2015-01-28,0060,20000,637400,31.8,31.92,31.8,31.91,-0.01,3
2015-01-29,0060,1000,32000,32.0,32.0,32.0,32.0,0.09,1
2015-01-30,0060,1000,31850,31.85,31.85,31.85,31.85,-0.15,1
2015-02-02,0060,2000,63410,31.7,31.71,31.7,31.71,-0.14,2
2015-02-03,0060,7000,223660,31.88,32.0,31.88,31.89,0.18,4
2015-02-04,0060,3000,96450,32.04,32.22,32.04,32.19,0.3,3
2015-02-05,0060,3009,96782,32.16,32.19,32.14,32.14,-0.05,4
2015-02-06,0060,0,0,0.0,0.0,0.0,0.0,0.0,0
2015-02-09,0060,3000,96830,32.3,32.3,32.23,32.23,0.0,2
2015-02-10,0060,1000,32390,32.39,32.39,32.39,32.39,0.16,1
2015-02-11,0060,1000,32380,32.38,32.38,32.38,32.38,-0.01,1
2015-02-12,0060,0,0,0.0,0.0,0.0,0.0,0.0,0
2015-02-13,0060,2000,64680,32.38,32.38,32.3,32.3,0.0,2
2015-02-24,0060,10000,326030,32.46,32.8,32.46,32.61,0.31,10
2015-02-25,0060,4001,131192,32.77,32.93,32.66,32.66,0.05,5
2015-02-26,0060,2000,64970,32.5,32.5,32.47,32.47,-0.19,2
2015-03-02,0060,4002,130946,32.63,32.76,32.63,32.73,0.26,4
2015-03-03,0060,2000,65100,32.6,32.6,32.5,32.5,-0.23,2
2015-03-04,0060,0,0,0.0,0.0,0.0,0.0,0.0,0
2015-03-05,0060,1000,32330,32.33,32.33,32.33,32.33,0.0,1
2015-03-06,0060,6000,193840,32.28,32.44,32.28,32.44,0.11,2
2015-03-09,0060,6000,193310,32.35,32.35,32.14,32.14,-0.3,5
2015-03-10,0060,1000,32300,32.3,32.3,32.3,32.3,0.16,1
2015-03-11,0060,1000,32140,32.14,32.14,32.14,32.14,-0.16,1
2015-03-12,0060,1000,32330,32.33,32.33,32.33,32.33,0.19,1
2015-03-13,0060,1000,32490,32.49,32.49,32.49,32.49,0.16,1
2015-03-16,0060,0,0,0.0,0.0,0.0,0.0,0.0,0
2015-03-17,0060,30000,968160,32.4,32.52,32.24,32.43,0.0,5
2015-03-18,0060,0,0,0.0,0.0,0.0,0.0,0.0,0
2015-03-19,0060,2000,65200,32.59,32.61,32.59,32.61,0.0,2
2015-03-20,0060,8000,260850,32.62,32.63,32.6,32.6,-0.01,6
2015-03-23,0060,3000,98060,32.76,32.76,32.64,32.64,0.04,3
2015-03-24,0060,2008,65676,32.79,32.79,32.63,32.63,-0.01,3
2015-03-25,0060,2050,66751,32.75,32.75,32.37,32.37,-0.26,3
2015-03-26,0060,4000,129360,32.34,32.34,32.34,32.34,-0.03,1
2015-03-27,0060,6010,195868,32.5,32.66,32.5,32.56,0.22,7
2015-03-30,0060,1000,32400,32.4,32.4,32.4,32.4,-0.16,1
2015-03-31,0060,2000,65280,32.56,32.72,32.56,32.72,0.32,2
2015-04-01,0060,1000,32560,32.56,32.56,32.56,32.56,-0.16,1
2015-04-02,0060,1000,32720,32.72,32.72,32.72,32.72,0.16,1
2015-04-07,0060,1000,32880,32.88,32.88,32.88,32.88,0.16,1
2015-04-08,0060,4000,131590,32.9,32.93,32.86,32.86,-0.02,3
2015-04-09,0060,1100,36330,33.03,33.03,33.03,33.03,0.17,2
2015-04-10,0060,7000,230670,33.03,33.03,32.9,32.9,-0.13,4
2015-04-13,0060,23100,762060,33.06,33.06,32.98,33.06,0.16,15
2015-04-14,0060,2050,68380,33.4,33.4,33.33,33.33,0.27,3
2015-04-15,0060,1001,33183,33.15,33.15,33.15,33.15,-0.18,2
2015-04-16,0060,2000,66080,33.12,33.12,32.96,32.96,-0.19,2
2015-04-17,0060,3000,99940,33.34,33.34,33.26,33.26,0.3,2
2015-04-20,0060,2000,66110,33.1,33.1,33.01,33.01,-0.25,2
2015-04-21,0060,1000,33170,33.17,33.17,33.17,33.17,0.16,1
2015-04-22,0060,3000,99570,33.17,33.23,33.17,33.23,0.06,2
2015-04-23,0060,12000,407050,33.39,34.24,33.39,34.18,0.95,11
2015-04-24,0060,12000,413310,34.35,34.53,34.35,34.4,0.22,11
2015-04-27,0060,14000,486560,34.4,34.99,34.4,34.99,0.59,10
2015-04-28,0060,7010,245315,34.99,35.05,34.97,35.03,0.04,5
2015-04-29,0060,42040,1480670,35.2,35.3,35.04,35.04,0.01,14
2015-04-30,0060,41000,1426220,34.79,34.79,34.62,34.62,-0.42,3
2015-05-04,0060,6000,207500,34.47,34.65,34.47,34.65,0.03,6
2015-05-05,0060,1000,34800,34.8,34.8,34.8,34.8,0.15,1
2015-05-06,0060,3000,103780,34.63,34.65,34.5,34.65,-0.15,3
2015-05-07,0060,12000,412860,34.46,34.46,34.22,34.22,-0.43,5
2015-05-08,0060,36000,1236520,34.22,34.36,34.22,34.35,0.13,36
2015-05-11,0060,4000,137140,34.37,34.37,34.2,34.2,-0.15,3
2015-05-12,0060,1000,34370,34.37,34.37,34.37,34.37,0.17,1
2015-05-13,0060,1000,34540,34.54,34.54,34.54,34.54,0.17,1
2015-05-14,0060,8001,272674,34.37,34.37,33.74,33.74,-0.8,9
2015-05-15,0060,33000,1106090,33.74,33.74,33.46,33.51,-0.23,33
2015-05-18,0060,8000,268200,33.5,33.66,33.49,33.66,0.15,6
2015-05-19,0060,5000,170710,33.82,34.43,33.82,34.43,0.77,5
2015-05-20,0060,5000,170830,34.26,34.35,34.02,34.02,-0.41,5
2015-05-21,0060,5000,167810,33.85,33.85,33.37,33.37,-0.65,5
2015-05-22,0060,2000,67030,33.53,33.53,33.5,33.5,0.13,2
2015-05-25,0060,5000,167020,33.34,33.42,33.34,33.42,-0.08,5
2015-05-26,0060,4000,135080,33.61,33.93,33.61,33.77,0.35,4
2015-05-27,0060,3000,102050,34.0,34.05,34.0,34.05,0.28,3
2015-05-28,0060,5000,168700,33.88,33.88,33.7,33.7,-0.35,5
2015-05-29,0060,2000,67840,33.86,33.98,33.86,33.98,0.28,2
2015-06-01,0060,8000,267860,33.82,33.82,33.36,33.4,-0.58,8
2015-06-02,0060,0,0,0.0,0.0,0.0,0.0,0.0,0
2015-06-03,0060,1000,33400,33.4,33.4,33.4,33.4,0.0,1
2015-06-04,0060,6000,198500,33.24,33.4,32.72,32.72,-0.68,6
2015-06-05,0060,2000,65280,32.72,32.72,32.56,32.56,-0.16,2
2015-06-08,0060,9000,293010,32.5,32.97,32.42,32.97,0.41,7
2015-06-09,0060,6000,196790,32.92,32.92,32.57,32.57,-0.4,4
2015-06-10,0060,2000,65640,32.73,32.91,32.73,32.91,0.34,2
2015-06-11,0060,1000,32780,32.78,32.78,32.78,32.78,-0.13,1
2015-06-12,0060,0,0,0.0,0.0,0.0,0.0,0.0,0
2015-06-15,0060,2000,65240,32.62,32.62,32.62,32.62,0.0,2
2015-06-16,0060,2000,65260,32.71,32.71,32.55,32.55,-0.07,2
2015-06-17,0060,5000,161890,32.39,32.44,32.28,32.28,-0.27,4
2015-06-18,0060,0,0,0.0,0.0,0.0,0.0,0.0,0
2015-06-22,0060,0,0,0.0,0.0,0.0,0.0,0.0,0
2015-06-23,0060,4000,130990,32.71,32.8,32.68,32.8,0.0,4
2015-06-24,0060,0,0,0.0,0.0,0.0,0.0,0.0,0
2015-06-25,0060,5000,165240,32.96,33.12,32.96,32.96,0.0,5
2015-06-26,0060,1000,33110,33.11,33.11,33.11,33.11,0.15,1
2015-06-29,0060,7000,229850,32.95,32.95,32.69,32.69,-0.42,6
2015-06-30,0060,2000,65280,32.72,32.72,32.56,32.56,-0.13,2
2015-07-01,0060,4001,131603,32.72,33.0,32.72,33.0,0.44,5
2015-07-02,0060,1000,32940,32.94,32.94,32.94,32.94,-0.06,1
2015-07-03,0060,14000,458910,32.78,32.78,32.77,32.77,-0.17,2
2015-07-06,0060,2000,65640,32.82,32.82,32.82,32.82,0.05,1
2015-07-07,0060,4000,132550,32.98,33.3,32.98,33.13,0.31,4
2015-07-08,0060,7000,227350,32.97,32.97,32.11,32.11,-1.02,7
2015-07-09,0060,6000,192450,31.95,32.1,31.95,32.1,-0.01,2
2015-07-13,0060,2000,63880,31.94,31.94,31.94,31.94,-0.16,1
2015-07-14,0060,4000,128900,32.09,32.27,32.09,32.27,0.33,4
2015-07-15,0060,1000,32430,32.43,32.43,32.43,32.43,0.16,1
2015-07-16,0060,3000,98250,32.6,32.89,32.6,32.89,0.46,3
2015-07-17,0060,4000,131320,32.87,32.87,32.71,32.71,-0.18,3
2015-07-20,0060,7000,228910,32.55,32.73,32.55,32.73,0.02,3
2015-07-21,0060,25000,828580,34.38,34.38,32.64,33.35,0.62,21
2015-07-22,0060,10000,330350,33.51,33.51,32.65,33.3,-0.05,10
2015-07-23,0060,5000,163140,32.66,32.73,32.55,32.63,-0.67,5
2015-07-24,0060,0,0,0.0,0.0,0.0,0.0,0.0,0
2015-07-27,0060,6000,193870,32.47,32.47,32.1,32.1,0.0,6
2015-07-28,0060,3000,96760,32.26,32.26,32.24,32.24,0.14,2
2015-07-29,0060,7000,222900,32.1,32.1,31.66,31.66,-0.58,5
2015-07-30,0060,6000,191480,31.81,32.01,31.81,32.01,0.35,6
2015-07-31,0060,0,0,0.0,0.0,0.0,0.0,0.0,0
2015-08-03,0060,6000,190330,31.85,31.85,31.6,31.79,0.0,6
2015-08-04,0060,10000,320460,31.94,32.22,31.94,32.2,0.41,7
2015-08-05,0060,0,0,0.0,0.0,0.0,0.0,0.0,0
2015-08-06,0060,2000,64540,32.36,32.36,32.18,32.18,0.0,2
2015-08-07,0060,3010,96754,32.17,32.17,32.09,32.09,-0.09,3
2015-08-10,0060,2000,64340,32.25,32.25,32.09,32.09,0.0,2
2015-08-11,0060,62000,1979660,31.93,31.93,31.93,31.93,-0.16,7
2015-08-12,0060,7000,220040,31.76,31.76,31.1,31.1,-0.83,7
2015-08-13,0060,5000,155220,31.25,31.25,30.88,31.03,-0.07,5
2015-08-14,0060,73000,2236740,30.89,31.67,30.12,31.67,0.64,73
2015-08-17,0060,88000,2710100,31.52,31.69,30.12,31.67,0.0,87
2015-08-18,0060,62000,1932520,31.52,31.67,30.55,30.59,-1.08,60
2015-08-19,0060,29000,884650,30.44,30.74,29.95,29.95,-0.64,29
2015-08-20,0060,2000,59750,29.8,29.95,29.8,29.95,0.0,2
2015-08-21,0060,9000,265060,29.81,29.81,29.18,29.31,-0.64,9
2015-08-24,0060,31000,866510,29.17,29.17,26.51,27.9,-1.41,30
2015-08-25,0060,101000,2874590,27.09,30.43,26.87,27.93,0.03,96
2015-08-26,0060,89000,2518380,27.93,29.6,27.48,28.0,0.07,88
2015-08-27,0060,54000,1583250,28.14,29.93,28.14,29.4,1.4,52
2015-08-28,0060,10000,298080,30.02,30.02,28.95,28.95,-0.45,6
2015-08-31,0060,29000,858670,29.09,29.7,29.09,29.68,0.73,12
2015-09-01,0060,49000,1453840,29.82,29.96,29.55,29.77,0.09,15
2015-09-02,0060,101000,3034790,30.77,30.77,29.49,30.05,0.28,25
2015-09-03,0060,3000,89900,29.91,30.05,29.91,29.94,-0.11,3
2015-09-04,0060,18000,538200,29.81,30.05,29.71,29.72,-0.22,8
2015-09-07,0060,19000,566460,29.6,29.94,29.49,29.49,-0.23,10
2015-09-08,0060,87000,2530190,28.61,29.76,28.61,29.68,0.19,17
2015-09-09,0060,206000,6313090,31.65,31.65,29.82,29.9,0.22,43
2015-09-10,0060,109000,3312770,29.77,30.97,29.66,30.22,0.32,23
2015-09-11,0060,178000,5383750,29.36,30.97,29.36,30.12,-0.1,35
2015-09-14,0060,214000,6448100,29.12,30.74,29.12,30.11,-0.01,33
2015-09-15,0060,107000,3210830,29.97,30.6,29.58,30.6,0.49,26
2015-09-16,0060,150000,4624710,31.49,31.49,30.14,30.42,-0.18,24
2015-09-17,0060,160000,4916670,30.32,31.6,30.32,31.6,1.18,36
2015-09-18,0060,123000,3899960,31.96,32.08,31.03,31.04,-0.56,23
2015-09-21,0060,13000,401430,31.17,31.17,30.55,30.55,-0.49,10
2015-09-22,0060,7000,213910,30.55,30.71,30.41,30.57,0.02,5
2015-09-23,0060,277000,8380870,30.45,30.84,29.61,30.1,-0.47,55
2015-09-24,0060,11000,325860,28.8,30.13,28.8,29.72,-0.38,11
2015-09-25,0060,5000,148880,29.8,29.94,29.63,29.63,-0.09,5
2015-09-30,0060,5000,146350,29.38,29.38,29.12,29.12,-0.51,5
2015-10-01,0060,2031360,60000478,29.26,30.08,29.13,29.97,0.85,25
2015-10-02,0060,86000,2545280,29.84,30.21,29.32,30.21,0.24,25
2015-10-05,0060,5110,154698,30.32,30.35,30.23,30.35,0.14,7
2015-10-06,0060,121000,3718530,30.21,31.26,30.01,30.75,0.4,29
2015-10-07,0060,84000,2599360,30.89,31.24,30.38,30.83,0.08,21
2015-10-08,0060,3000,92550,30.98,30.98,30.72,30.72,-0.11,3
2015-10-12,0060,4000,124040,30.83,31.15,30.83,31.15,0.43,4
2015-10-13,0060,5000,155200,31.0,31.1,31.0,31.08,-0.07,4
2015-10-14,0060,3000,92670,30.95,30.95,30.85,30.85,-0.23,3
2015-10-15,0060,229000,7072210,30.71,31.6,30.46,31.52,0.67,54
2015-10-16,0060,198000,6336210,32.65,32.65,31.22,31.36,-0.16,34
2015-10-19,0060,3000,94660,31.5,31.65,31.5,31.51,0.15,3
2015-10-20,0060,2000,63080,31.54,31.54,31.54,31.54,0.03,1
2015-10-21,0060,119000,3735390,31.52,31.93,31.02,31.3,-0.24,34
2015-10-22,0060,74000,2298190,31.16,31.47,30.86,31.45,0.15,19
2015-10-23,0060,8000,252780,31.6,31.74,31.46,31.74,0.29,8
2015-10-26,0060,171000,5541040,33.2,33.2,31.7,31.74,0.0,38
2015-10-27,0060,10000,316230,31.65,31.74,31.42,31.42,-0.32,8
2015-10-28,0060,5000,156470,31.48,31.48,31.12,31.27,-0.15,5
2015-10-29,0060,79000,2462090,31.0,31.39,30.9,31.33,0.06,19
2015-10-30,0060,137000,4350090,32.18,32.18,30.92,31.2,-0.13,28
2015-11-02,0060,19000,589720,31.06,31.06,30.9,31.05,-0.15,5
2015-11-03,0060,118000,3668870,30.91,31.79,30.78,31.79,0.74,29
2015-11-04,0060,273000,8754920,31.21,32.66,31.21,32.19,0.4,45
2015-11-05,0060,146050,4780612,33.29,33.29,31.79,32.25,0.06,31
2015-11-06,0060,15000,474850,32.1,32.1,31.31,31.31,-0.94,15
2015-11-09,0060,7000,218890,31.46,31.46,31.11,31.11,-0.2,6
2015-11-10,0060,5000,153510,30.96,30.96,30.52,30.52,-0.59,5
2015-11-11,0060,3010,91195,30.38,30.38,30.23,30.23,-0.29,4
2015-11-12,0060,51000,1536590,30.09,30.33,29.9,30.23,0.0,12
2015-11-13,0060,22050,666466,30.35,30.44,29.84,29.84,-0.39,9
2015-11-16,0060,196040,5735753,29.72,29.76,29.01,29.76,-0.08,36
2015-11-17,0060,92000,2817010,29.9,30.99,29.9,30.39,0.63,26
2015-11-18,0060,143000,4403400,30.7,31.12,29.85,29.85,-0.54,32
2015-11-19,0060,16000,478330,29.99,29.99,29.65,29.93,0.08,7
2015-11-20,0060,2000,59900,29.82,30.08,29.82,30.08,0.15,2
2015-11-23,0060,3000,89910,29.93,30.06,29.92,29.92,-0.16,3
2015-11-24,0060,20028,585145,29.26,29.3,28.86,28.86,0.0,7
2015-11-25,0060,4000,115330,29.0,29.0,28.71,28.71,-0.15,4
2015-11-26,0060,265000,7659000,28.77,29.58,28.58,29.58,0.87,46
2015-11-27,0060,277000,8281070,30.6,30.6,29.3,29.4,-0.18,55
2015-11-30,0060,122000,3532660,29.53,29.53,28.41,28.52,-0.88,22
2015-12-01,0060,150000,4235350,27.66,29.1,27.66,28.96,0.44,27
2015-12-02,0060,4000,116430,29.08,29.17,29.02,29.17,0.21,4
2015-12-03,0060,264000,7755310,29.31,29.84,28.69,29.17,0.0,50
2015-12-04,0060,4000,115380,29.04,29.04,28.65,28.65,-0.52,4
2015-12-07,0060,17000,490930,28.78,29.05,28.6,28.6,-0.05,8
2015-12-08,0060,8000,227180,28.74,28.74,28.1,28.1,-0.5,8
2015-12-09,0060,22000,609270,28.08,28.08,27.52,27.75,-0.35,8
2015-12-10,0060,17000,469740,27.63,27.64,27.51,27.64,-0.11,3
2015-12-11,0060,4000,109490,27.53,27.53,27.24,27.24,-0.4,4
2015-12-14,0060,157000,4195580,27.11,27.4,26.38,27.4,0.16,33
2015-12-15,0060,242000,6755410,27.52,28.29,27.28,27.52,0.12,49
2015-12-16,0060,4000,110380,27.65,27.65,27.53,27.65,0.13,4
2015-12-17,0060,5000,139270,27.75,27.9,27.75,27.86,0.21,5
2015-12-18,0060,2010,55867,27.75,27.84,27.75,27.84,-0.02,3
2015-12-21,0060,18000,497710,27.72,27.72,27.38,27.65,-0.19,9
2015-12-22,0060,177000,4864900,27.53,28.02,27.16,28.02,0.37,32
2015-12-23,0060,3000,84830,28.28,28.35,28.2,28.35,0.33,3
2015-12-24,0060,161000,4552510,28.22,28.44,28.11,28.11,-0.24,35
2015-12-25,0060,12000,338900,28.2,28.45,28.2,28.45,0.34,3
2015-12-28,0060,4000,113130,28.05,28.38,28.05,28.38,-0.07,4
2015-12-29,0060,45000,1266740,28.39,28.39,28.0,28.0,-0.38,8
2015-12-30,0060,3647000,102072000,27.52,28.0,27.52,27.98,-0.02,17
2015-12-31,0060,1000,27980,27.98,27.98,27.98,27.98,0.0,1
2016-01-04,0060,2000,54510,27.39,27.39,27.12,27.12,-0.86,2
2016-01-05,0060,5000,135010,27.23,27.23,26.56,26.56,-0.56,5
2016-01-06,0060,86112,2345832,27.48,27.48,26.9,26.9,0.34,25
2016-01-07,0060,2010,54076,27.12,27.12,26.69,26.69,-0.21,3
2016-01-08,0060,3000,79910,26.69,26.69,26.61,26.61,-0.08,2
2016-01-11,0060,2000,51920,25.92,26.0,25.92,26.0,-0.61,2
2016-01-12,0060,0,0,0.0,0.0,0.0,0.0,0.0,0
2016-01-13,0060,4000,105330,26.29,26.4,26.29,26.35,0.0,3
2016-01-14,0060,0,0,0.0,0.0,0.0,0.0,0.0,0
2016-01-15,0060,0,0,0.0,0.0,0.0,0.0,0.0,0
2016-01-18,0060,2000,50700,25.3,25.4,25.3,25.4,0.0,2
2016-01-19,0060,2000,51810,25.93,25.93,25.88,25.88,0.48,2
2016-01-20,0060,2128,54503,25.61,25.61,25.61,25.61,-0.27,2
2016-01-21,0060,1000,25330,25.33,25.33,25.33,25.33,-0.28,1
2016-01-22,0060,0,0,0.0,0.0,0.0,0.0,0.0,0
2016-01-25,0060,1000,25700,25.7,25.7,25.7,25.7,0.0,1
2016-01-26,0060,7000,177350,25.27,25.55,25.27,25.45,-0.25,3
2016-01-27,0060,4000,102200,25.55,25.55,25.55,25.55,0.1,3
2016-01-28,0060,19010,488815,25.56,25.8,25.56,25.72,0.17,7
2016-01-29,0060,24010,620078,25.6,26.26,25.6,26.26,0.54,8
2016-01-30,0060,8002,213762,26.3,26.8,26.3,26.78,0.52,9
2016-02-01,0060,31000,829560,28.33,28.33,26.55,26.69,-0.09,10
2016-02-02,0060,13000,347390,26.65,26.8,26.65,26.8,0.11,9
2016-02-03,0060,11001,288676,26.45,26.45,26.22,26.22,-0.58,5
2016-02-15,0060,26300,690190,26.2,26.32,25.96,26.27,0.05,13
2016-02-16,0060,42000,1126690,26.36,26.92,26.36,26.92,0.65,29
2016-02-17,0060,8000,214570,26.79,26.84,26.79,26.84,-0.08,8
2016-02-18,0060,11000,297050,26.84,27.1,26.84,27.03,0.19,7
2016-02-19,0060,45000,1208890,26.82,26.95,26.82,26.94,-0.09,27
2016-02-22,0060,23002,624965,27.07,27.33,26.92,27.1,0.16,15
2016-02-23,0060,13000,351020,26.99,27.04,26.99,27.04,-0.06,6
2016-02-24,0060,29000,782590,27.17,27.23,26.86,26.87,-0.17,18
2016-02-25,0060,23003,621081,26.96,27.23,26.96,27.23,0.36,8
